"Boundary Bus Id","BaseVolt(kV)","Thevenin Voltage Mag(PU)","Thevenin Voltage Angle (deg)","Zpos Real #Bus5Dummy","Zpos Imag #Bus5Dummy","Zpos Real #Bus8Dummy","Zpos Imag #Bus8Dummy",,,,
"Bus5Dummy","230.0","1.076530238644673","-0.9040767117399722","0.01585568781669007","0.19022481685592924","0.21747854893167323","1.1129686238225376",,,,
"Bus8Dummy","230.0","1.0917984976723571","4.889524172472898","0.21747854893167332","1.112968623822538","0.02217575340670115","0.26920174720553275",,,,
