"Boundary Bus Id","BaseVolt(kV)","Phase A Vth Mag(kV)","Phase A Angle (deg)","Zaa(R) pu","Zaa(X) pu","Zab(R) pu","Zab(X) pu","Zac(R) pu","Zac(X) pu","Zpos (R) #Bus5","Zpos (X) #Bus5","Zpos (R) #Bus7","Zpos (X) #Bus7","Zzero (R) #Bus5","Zzero(X) #Bus5","Zzero (R) #Bus7","Zzero(X) #Bus7"
"Bus5","230.0","213.74010550370798","-1.4168866795292803","0.026559337043786085","0.27490128712188155","0.13980299909733057","1.6543012454106438","0.13980299909733057","1.6543012454106438","0.016984405129754007","0.18345433005798645","0.22566010674077142","1.5265008868645173","0.026559337043786074","0.2749012871218815","10.209550797254114","26.206334983487245"
"Bus7","230.0","212.01998948107246","0.7114468192398316","0.05842115499052114","0.5343230026447595","1.2791600576335471","2.1866047087330407","1.2791600576335471","2.1866047087330407","0.22566010674077125","1.526500886864517","0.09004611780768497","0.3231467360182209","10.209550797254158","26.20633498348728","0.05842115499052114","0.5343230026447594"
